{"id":0,"geom":rectangle("-27.9323481511,9.15518656723 -24.8445930928,11.9309972473")}
{"id":1,"geom":rectangle("0.0621153624124,18.2734730769 4.83281963665,19.3336733634")}
{"id":2,"geom":rectangle("-37.873318599,50.4137494117 -33.4774896319,55.3172948124")}
{"id":3,"geom":rectangle("47.1325883602,-19.4791980415 50.9598502084,-18.481896624")}
{"id":4,"geom":rectangle("51.3016231532,-5.60195086869 55.9768771092,-4.44676667106")}
{"id":5,"geom":rectangle("9.27570071324,-1.68430260794 14.3618786871,0.0989231691509")}
{"id":6,"geom":rectangle("-40.8426642141,-12.3828594111 -36.2560812836,-8.69636838084")}
{"id":7,"geom":rectangle("42.0000180351,-6.38480480539 46.3487445182,-2.08245163105")}
{"id":8,"geom":rectangle("-49.1105328926,1.23797277776 -48.6903344422,2.26860151234")}
{"id":9,"geom":rectangle("8.41156431616,23.7284234749 12.3270757028,25.9675336727")}
{"id":10,"geom":rectangle("24.2568615633,-20.3953636207 27.8001525267,-16.0145481861")}
{"id":11,"geom":rectangle("-16.3094782394,8.91257038501 -12.3410467932,13.799767852")}
{"id":12,"geom":rectangle("-5.47983206871,10.2243601629 -5.10262146508,13.9002669231")}
{"id":13,"geom":rectangle("-60.9461639943,10.4323876808 -56.7511118231,14.8796053416")}
{"id":14,"geom":rectangle("-11.972629563,15.8894382199 -8.06809484334,18.6230609701")}
{"id":15,"geom":rectangle("-55.4148350065,-11.2390940595 -51.7126250696,-7.70494356838")}
{"id":16,"geom":rectangle("-39.6238055795,5.95626957878 -37.3601098467,6.89396261843")}
{"id":17,"geom":rectangle("-9.31124052127,-11.7939905005 -5.81616506883,-10.7313254896")}
{"id":18,"geom":rectangle("55.8575494942,-34.8735358882 59.052052825,-32.1878431332")}
{"id":19,"geom":rectangle("6.78644433431,-15.1103391491 11.022852731,-9.97257905438")}
{"id":20,"geom":rectangle("-46.9172489187,8.34059859105 -44.8843063877,10.2219856068")}
{"id":21,"geom":rectangle("18.8133717489,7.58225769546 20.7327951646,10.400196251")}
{"id":22,"geom":rectangle("39.6991218048,-19.5111127309 43.4813236282,-17.2751694545")}
{"id":23,"geom":rectangle("-53.0916999826,15.6224380883 -51.3276055144,18.4131633566")}
{"id":24,"geom":rectangle("15.4403413661,-16.717177507 20.5659895946,-14.4905598285")}
{"id":25,"geom":rectangle("18.0403882995,-16.942547031 18.4674639813,-12.0137417407")}
{"id":26,"geom":rectangle("-10.1680547254,-60.7865500782 -8.00879668415,-56.7438699052")}
{"id":27,"geom":rectangle("68.6004972482,8.11792475815 71.5635512937,11.1498717613")}
{"id":28,"geom":rectangle("-42.941592897,-12.1682044962 -37.7633402924,-11.336014273")}
{"id":29,"geom":rectangle("72.6533873046,2.07227812745 76.6403854525,7.09220721646")}
{"id":30,"geom":rectangle("51.8540534407,-17.0442271016 54.8389508618,-12.6231227706")}
{"id":31,"geom":rectangle("6.60620427018,15.9937496153 8.0217849552,16.8439308667")}
{"id":32,"geom":rectangle("-54.4890021697,-23.8103029028 -50.031768851,-22.2413347517")}
{"id":33,"geom":rectangle("-34.95511358,2.02954068386 -33.703431683,4.19422929144")}
{"id":34,"geom":rectangle("-20.7743277107,-0.496422564668 -19.777600253,-0.0970785280508")}
{"id":35,"geom":rectangle("-39.3142027252,-3.48265518567 -38.0781722188,-1.12776007008")}
{"id":36,"geom":rectangle("6.77600057461,26.8759104261 11.7404611175,32.0174621982")}
{"id":37,"geom":rectangle("24.4099866125,3.57651968637 26.7640691754,4.88288221349")}
{"id":38,"geom":rectangle("15.2975621765,-0.569018270344 17.3906547082,1.74652310434")}
{"id":39,"geom":rectangle("56.9872441628,-2.94723993425 61.3324446299,0.926328661561")}
{"id":40,"geom":rectangle("41.047461317,10.1632058932 44.7623919157,13.6693470556")}
{"id":41,"geom":rectangle("10.1079158628,-23.8702911151 12.7244666464,-22.8542384108")}
{"id":42,"geom":rectangle("-22.4974254873,11.8509722536 -21.8574961025,15.2160233895")}
{"id":43,"geom":rectangle("-43.9972059177,25.2595980469 -43.2811239229,28.5826167355")}
{"id":44,"geom":rectangle("-7.23037396361,-7.11084459626 -2.27629349239,-3.61114277177")}
{"id":45,"geom":rectangle("41.7404274398,16.4641333114 42.3134948646,17.21273776")}
{"id":46,"geom":rectangle("-78.8108223124,33.0735094389 -73.6471184423,35.1192424639")}
{"id":47,"geom":rectangle("69.3770819027,-8.4844290646 72.8377016978,-6.7522689002")}
{"id":48,"geom":rectangle("-12.3843945904,4.42691376249 -9.57989036317,8.73880139764")}
{"id":49,"geom":rectangle("4.26177443767,23.7431103696 8.16629007069,27.5738476242")}
{"id":50,"geom":rectangle("-32.8317754069,-34.9288132423 -32.5521111063,-30.0667506035")}
{"id":51,"geom":rectangle("38.3564015651,3.76035299468 42.9897451059,6.28666914167")}
{"id":52,"geom":rectangle("9.66830715974,-13.2164544981 13.4317818497,-9.61970001253")}
{"id":53,"geom":rectangle("-41.8619178712,0.833642096163 -37.7009933113,4.95720796208")}
{"id":54,"geom":rectangle("36.9003622721,-16.1326998758 38.2630992969,-14.1602245262")}
{"id":55,"geom":rectangle("-39.2043477954,-8.37064618527 -37.5700101189,-3.7861350448")}
{"id":56,"geom":rectangle("-73.1306562341,-28.4389790443 -72.7740930226,-25.4986564116")}
{"id":57,"geom":rectangle("-33.9976660158,5.22879142129 -32.8492047898,10.3133401489")}
{"id":58,"geom":rectangle("-77.1746910469,0.922084338132 -75.6504210426,1.2034103681")}
{"id":59,"geom":rectangle("22.2027355036,24.8837157674 23.9232110479,28.4103275964")}
{"id":60,"geom":rectangle("9.88465219327,19.6537576964 10.2765884889,20.3193773926")}
{"id":61,"geom":rectangle("-26.8112564518,2.7690970691 -22.5926465585,6.93867080924")}
{"id":62,"geom":rectangle("-43.7073938674,-6.60657607222 -41.4240040146,-2.71455237271")}
{"id":63,"geom":rectangle("24.4048294711,-4.62891935142 27.906994004,-4.29135734323")}
{"id":64,"geom":rectangle("51.6531727755,21.8910939472 52.3394468954,23.2826790089")}
{"id":65,"geom":rectangle("25.8914076927,6.92224912861 27.3432267461,9.47019756737")}
{"id":66,"geom":rectangle("13.3696451516,5.615604925 16.9054074708,8.52144979175")}
{"id":67,"geom":rectangle("-13.6800980239,-18.9444336886 -9.95347951639,-16.7345361171")}
{"id":68,"geom":rectangle("-17.7510748238,-11.1136308762 -15.412795239,-7.34469680748")}
{"id":69,"geom":rectangle("33.2947868986,8.2834932121 34.7613269962,9.03569363267")}
{"id":70,"geom":rectangle("-33.8874431333,-23.8338234095 -30.7254105611,-20.359752895")}
{"id":71,"geom":rectangle("22.0907475181,2.29036800869 23.7011151494,3.2765296671")}
{"id":72,"geom":rectangle("14.5755950289,52.8417124837 19.5671060363,55.1073390372")}
{"id":73,"geom":rectangle("-18.8077581597,16.9934859515 -15.9861161902,17.8343474049")}
{"id":74,"geom":rectangle("10.9084864464,29.5391931137 15.3037198201,33.1052109059")}
{"id":75,"geom":rectangle("19.4718498204,7.79868609475 22.1664168013,12.1717440014")}
{"id":76,"geom":rectangle("-3.62863167929,11.4665296807 -3.30540699392,14.1121656494")}
{"id":77,"geom":rectangle("-41.64372999,-23.0555507792 -36.4832305461,-21.3068023443")}
{"id":78,"geom":rectangle("26.5213107831,46.2022585409 30.6432878791,47.0129737813")}
{"id":79,"geom":rectangle("10.789264065,21.5625965712 14.840984666,22.3260628176")}
{"id":80,"geom":rectangle("10.9202625272,-19.0658990104 14.1023247437,-15.3016631473")}
{"id":81,"geom":rectangle("-15.7551653757,-2.25551304155 -12.4037949556,2.0012711873")}
{"id":82,"geom":rectangle("37.5942150963,10.997741867 41.372075762,16.1596730965")}
{"id":83,"geom":rectangle("-13.7359186757,29.958869656 -11.4409182302,33.4511779239")}
{"id":84,"geom":rectangle("-13.0283243952,-11.3762227927 -12.0713603337,-8.89907873732")}
{"id":85,"geom":rectangle("77.5973017056,-22.6402092272 78.7497490033,-21.2308882262")}
{"id":86,"geom":rectangle("-22.4088952378,-21.7807762792 -21.497054438,-17.9602452153")}
{"id":87,"geom":rectangle("21.2973448736,26.9027621694 22.622096107,28.9878687289")}
{"id":88,"geom":rectangle("2.51672920699,0.0240546639022 7.26260016522,1.81047192527")}
{"id":89,"geom":rectangle("7.51495774499,-3.85627105055 8.35285901504,-0.886614413758")}
{"id":90,"geom":rectangle("-9.42837494505,-3.98577929823 -4.62420944265,-2.23733766023")}
{"id":91,