{"id":0,"geom":rectangle("33.0815213198,-9.81639132361 37.8016305166,-7.84406572273")}
{"id":1,"geom":rectangle("-124.421948157,1.93767883788 -124.154251809,2.28744269497")}
{"id":2,"geom":rectangle("57.9915252427,-2.36135910497 62.6034311404,-1.82486897086")}
{"id":3,"geom":rectangle("-29.0688935271,-26.5487124393 -25.497240315,-23.6620099901")}
{"id":4,"geom":rectangle("44.5633661766,-10.0985164886 45.7269764454,-5.25971946827")}
{"id":5,"geom":rectangle("15.305286444,-12.2753304202 18.9827351797,-9.36713711588")}
{"id":6,"geom":rectangle("-29.911107762,22.5440353307 -27.4139067872,23.0896507211")}
{"id":7,"geom":rectangle("-57.6425342931,-12.8580151738 -52.8507052534,-12.4825801116")}
{"id":8,"geom":rectangle("25.8735318882,-9.38051778287 27.4904674652,-6.75725388702")}
{"id":9,"geom":rectangle("9.84546779304,34.7908792934 11.3423158265,37.6163294751")}
{"id":10,"geom":rectangle("-51.9726341759,10.6323648191 -50.5305531532,15.7945290881")}
{"id":11,"geom":rectangle("-23.4907513017,20.662944916 -19.4319569217,23.4464479085")}
{"id":12,"geom":rectangle("43.4201149814,12.3343076751 47.4451061727,12.9883840827")}
{"id":13,"geom":rectangle("29.4059288562,5.16907601248 34.5850093403,6.2687077698")}
{"id":14,"geom":rectangle("32.5674476303,-16.9214726806 36.3961900958,-16.2800680951")}
{"id":15,"geom":rectangle("-0.1834488207,6.13920491381 4.72384569903,9.56598789645")}
{"id":16,"geom":rectangle("38.7756881143,5.39841667745 42.7750262309,10.0289384536")}
{"id":17,"geom":rectangle("-14.44056663,18.4307856816 -9.36677067147,19.7583766879")}
{"id":18,"geom":rectangle("11.570745802,-6.80699899747 13.9937592089,-4.86081653246")}
{"id":19,"geom":rectangle("17.5420798083,18.958729748 21.7364051367,23.8559784582")}
{"id":20,"geom":rectangle("50.3626687343,-5.75624879038 50.7160445447,-1.90079629364")}
{"id":21,"geom":rectangle("59.9180321974,-0.209278657599 60.3779738543,1.67329307706")}
{"id":22,"geom":rectangle("-13.4143437329,-5.4128583532 -8.51004730147,-2.97939716072")}
{"id":23,"geom":rectangle("-67.7749282406,34.4099425167 -62.7649400663,36.0128931629")}
{"id":24,"geom":rectangle("-19.6954394465,-9.38097306619 -14.5717338989,-5.62158895288")}
{"id":25,"geom":rectangle("-4.62283914627,14.1191109493 -0.582166990327,16.8665197135")}
{"id":26,"geom":rectangle("11.9450583857,-18.3252119827 15.1481317185,-13.305454101")}
{"id":27,"geom":rectangle("45.3300959836,15.1502443345 46.1914046026,16.5505569007")}
{"id":28,"geom":rectangle("-38.1544150849,13.2427359229 -37.7223058052,13.9289037156")}
{"id":29,"geom":rectangle("25.9117553379,-24.2063944594 27.2556664105,-20.0878926667")}
{"id":30,"geom":rectangle("13.6057700863,-6.29749212816 14.2712566373,-3.79005795277")}
{"id":31,"geom":rectangle("-26.9662410313,19.1425547919 -21.9190087014,22.6025571835")}
{"id":32,"geom":rectangle("39.9580362433,6.31802974783 40.6550631538,7.78428466256")}
{"id":33,"geom":rectangle("-22.1168360436,-20.6231838474 -21.0373812122,-17.4818461759")}
{"id":34,"geom":rectangle("-13.7706153852,30.000930354 -10.2285702156,30.4633714206")}
{"id":35,"geom":rectangle("10.7513899208,-46.332627949 15.1729042238,-41.7087522917")}
{"id":36,"geom":rectangle("54.398317257,11.2893054229 55.5126158122,11.7291194213")}
{"id":37,"geom":rectangle("63.5968193492,-15.1966382455 65.352375016,-11.0480131127")}
{"id":38,"geom":rectangle("47.1514141104,-4.68389071981 50.0106551109,0.398482234144")}
{"id":39,"geom":rectangle("-17.4590864829,-0.237667446208 -15.5534126253,0.984234392487")}
{"id":40,"geom":rectangle("13.1160139515,-19.784760558 14.4541800302,-17.909695768")}
{"id":41,"geom":rectangle("53.3179838434,15.3179563991 54.2805821576,17.6281387012")}
{"id":42,"geom":rectangle("31.369457427,13.165056978 35.1955254051,15.0403301856")}
{"id":43,"geom":rectangle("17.1741906327,22.8030636353 17.4889623468,26.5730209982")}
{"id":44,"geom":rectangle("-10.3878457081,-0.815065604011 -9.62601719521,2.09908908899")}
{"id":45,"geom":rectangle("-16.3825969516,-1.12018500993 -15.9860095134,2.45473855859")}
{"id":46,"geom":rectangle("-33.1253688726,7.46964360071 -30.5439240628,9.95558524072")}
{"id":47,"geom":rectangle("-29.368011305,11.6519597155 -28.3048883686,12.9818049726")}
{"id":48,"geom":rectangle("35.0611437776,7.03034670814 39.8962767006,8.40495515366")}
{"id":49,"geom":rectangle("-41.2271620731,1.73252488725 -38.6763728352,2.5739855887")}
{"id":50,"geom":rectangle("-58.3254878558,-1.93159998918 -54.4272611956,2.80164821601")}
{"id":51,"geom":rectangle("13.8023199965,37.9991713987 16.5154301058,41.2520828093")}
{"id":52,"geom":rectangle("-0.00851486511255,-14.2470351009 3.64419833081,-9.47603639972")}
{"id":53,"geom":rectangle("26.7054431235,-5.16438137653 31.3237631214,-2.54420971647")}
{"id":54,"geom":rectangle("27.8866028806,7.75111403626 31.7478444739,12.478395325")}
{"id":55,"geom":rectangle("8.21394812371,-2.29056972429 11.4573593773,-0.764304448463")}
{"id":56,"geom":rectangle("8.46285788596,1.64018059958 12.2673723294,4.75102475847")}
{"id":57,"geom":rectangle("1.55454244344,-12.6324441794 1.9419040003,-8.32756051385")}
{"id":58,"geom":rectangle("81.9243274831,15.3399706853 82.9893838755,20.2484476347")}
{"id":59,"geom":rectangle("-3.80521441571,5.59544653202 1.00217973611,6.45642148213")}
{"id":60,"geom":rectangle("7.3027607876,41.7183918554 9.61818587568,42.6701949556")}
{"id":61,"geom":rectangle("1.50687245994,-0.463553775161 1.71988336805,0.5148202732")}
{"id":62,"geom":rectangle("8.1114994271,-16.9975459513 10.181118141,-12.4214451465")}
{"id":63,"geom":rectangle("8.47517844885,3.94583778361 9.75608493291,6.45740496653")}
{"id":64,"geom":rectangle("32.8142697785,1.7347153599 33.5075936393,4.03213277156")}
{"id":65,"geom":rectangle("-13.9851977532,10.2201556852 -8.94180139582,10.8359476684")}
{"id":66,"geom":rectangle("-5.81864220867,5.72831389433 -3.96515661333,9.40311082423")}
{"id":67,"geom":rectangle("-5.94114472317,22.0425945223 -4.75208419142,25.1480304519")}
{"id":68,"geom":rectangle("3.32138012085,-2.54014463571 4.09010361369,2.22061165506")}
{"id":69,"geom":rectangle("24.8845851876,-3.56812813721 26.1424974309,-1.93911469198")}
{"id":70,"geom":rectangle("8.86845184432,6.96043446979 10.6719210071,10.5089327467")}
{"id":71,"geom":rectangle("-10.2928503721,13.7414792395 -6.33804173624,18.799298066")}
{"id":72,"geom":rectangle("-39.2694219453,30.5862681062 -36.709885472,32.6290866592")}
{"id":73,"geom":rectangle("-0.680131563271,27.8806141259 4.25320010443,28.960840374")}
{"id":74,"geom":rectangle("-4.18305807732,20.931302603 -1.58595809374,24.800187646")}
{"id":75,"geom":rectangle("21.8984327715,-1.33650659675 22.9297670191,0.553946005393")}
{"id":76,"geom":rectangle("-24.1977676209,4.21509449843 -19.3574031974,5.40102847909")}
{"id":77,"geom":rectangle("-15.4154311616,24.7153248018 -13.8319530786,29.4011183457")}
{"id":78,"geom":rectangle("1.94643236293,50.3738409701 5.89810279711,54.5201490674")}
{"id":79,"geom":rectangle("-7.96849116411,20.5720060343 -3.12254526065,21.5654341637")}
{"id":80,"geom":rectangle("-21.7043763659,10.1241268849 -20.8416042867,13.1904255813")}
{"id":81,"geom":rectangle("-23.3888414298,-7.16854549483 -19.3844982673,-4.41149238515")}
{"id":82,"geom":rectangle("-33.4895210367,17.3253537643 -28.824401802,21.3670812131")}
{"id":83,"geom":rectangle("-42.3546712937,9.76999085801 -37.8559413646,12.6720101498")}
{"id":84,"geom":rectangle("38.8013417317,1.10992679636 40.3179710832,6.1153997663")}
{"id":85,"geom":rectangle("4.96535858672,23.1457530824 10.1207790147,27.3333356925")}
{"id":86,"geom":rectangle("-90.4574845046,-19.5212053021 -85.9504562794,-15.0951106414")}
{"id":87,"geom":rectangle("-57.8849765268,6.34375036955 -54.4546233959,7.12447857349")}
{"id":88,"geom":rectangle("1.00138643712,7.96484069816 2.42708795033,12.8608965948")}
{"id":89,"geom":rectangle("14.3045039032,7.89032274379 16.1025253052,9.76043987428")}
{"id":90,"geom":rectangle("-39.3422390328,29.6303954006 -35.0044772013,33.7255680238")}
{"id":91,